{
	"name": "storageEventTrigger2",
	"properties": {
		"annotations": [],
		"runtimeState": "Started",
		"pipelines": [
			{
				"pipelineReference": {
					"referenceName": "databricks_type_check",
					"type": "PipelineReference"
				},
				"parameters": {
					"fileName": "@triggerBody().fileName"
				}
			}
		],
		"type": "BlobEventsTrigger",
		"typeProperties": {
			"blobPathBeginsWith": "/input/blobs/landing/",
			"blobPathEndsWith": ".csv",
			"ignoreEmptyBlobs": true,
			"scope": "/subscriptions/347cd6fe-eda2-47b8-be7e-7fde3c13370e/resourceGroups/project2/providers/Microsoft.Storage/storageAccounts/jmapmorganstorage",
			"events": [
				"Microsoft.Storage.BlobCreated"
			]
		}
	}
}