{
	"name": "databricks_type_check",
	"properties": {
		"activities": [
			{
				"name": "Notebook1",
				"type": "DatabricksNotebook",
				"dependsOn": [],
				"policy": {
					"timeout": "7.00:00:00",
					"retry": 0,
					"retryIntervalInSeconds": 30,
					"secureOutput": false,
					"secureInput": false
				},
				"userProperties": [],
				"typeProperties": {
					"notebookPath": "/Users/patrick.mennell1_outlook.com#ext#@patrickmennell1outlook.onmicrosoft.com/incoming_data_check",
					"baseParameters": {
						"fileName": {
							"value": "@pipeline().parameters.fileName",
							"type": "Expression"
						}
					}
				},
				"linkedServiceName": {
					"referenceName": "AzureDatabricksAPM",
					"type": "LinkedServiceReference"
				}
			}
		],
		"parameters": {
			"fileName": {
				"type": "string"
			}
		},
		"annotations": []
	}
}